Datetime,Water Level (m)
2025-10-25 18:00:00,0.8181117
2025-10-25 19:00:00,0.88742816
2025-10-25 20:00:00,0.7909968
2025-10-25 21:00:00,0.5397284
2025-10-25 22:00:00,0.24384224
2025-10-25 23:00:00,0.0047865743
2025-10-26 00:00:00,-0.18473096
2025-10-26 01:00:00,-0.3348877
2025-10-26 02:00:00,-0.4094549
2025-10-26 03:00:00,-0.2512855
2025-10-26 04:00:00,0.14867799
2025-10-26 05:00:00,0.38548663
2025-10-26 06:00:00,0.52769524
2025-10-26 07:00:00,0.56744283
2025-10-26 08:00:00,0.47551543
2025-10-26 09:00:00,0.24385786
2025-10-26 10:00:00,-0.024290165
2025-10-26 11:00:00,-0.21727332
2025-10-26 12:00:00,-0.3605386
2025-10-26 13:00:00,-0.47009772
2025-10-26 14:00:00,-0.4904391
2025-10-26 15:00:00,-0.25259238
2025-10-26 16:00:00,0.14370684
2025-10-26 17:00:00,0.43159652
2025-10-26 18:00:00,0.6548959
2025-10-26 19:00:00,0.7957266
2025-10-26 20:00:00,0.81486523
2025-10-26 21:00:00,0.6697096
2025-10-26 22:00:00,0.39275083
2025-10-26 23:00:00,0.14339095
2025-10-27 00:00:00,-0.04060756
2025-10-27 01:00:00,-0.18814537
2025-10-27 02:00:00,-0.28079545
2025-10-27 03:00:00,-0.24025573
2025-10-27 04:00:00,-0.01706324
2025-10-27 05:00:00,0.2262338
2025-10-27 06:00:00,0.36978886
2025-10-27 07:00:00,0.4546712
2025-10-27 08:00:00,0.46084252
2025-10-27 09:00:00,0.361249
2025-10-27 10:00:00,0.14911842
2025-10-27 11:00:00,-0.06143647
2025-10-27 12:00:00,-0.2147609
2025-10-27 13:00:00,-0.3270276
2025-10-27 14:00:00,-0.39241895
2025-10-27 15:00:00,-0.32878438
2025-10-27 16:00:00,-0.007836346
2025-10-27 17:00:00,0.30137712
2025-10-27 18:00:00,0.5072417
2025-10-27 19:00:00,0.65891224
2025-10-27 20:00:00,0.73962575
2025-10-27 21:00:00,0.7128989
2025-10-27 22:00:00,0.55417776
2025-10-27 23:00:00,0.32588723
2025-10-28 00:00:00,0.13783643
2025-10-28 01:00:00,0.004967817
2025-10-28 02:00:00,-0.09029682
2025-10-28 03:00:00,-0.13236207
2025-10-28 04:00:00,-0.07346553
2025-10-28 05:00:00,0.09443498
2025-10-28 06:00:00,0.25796762
2025-10-28 07:00:00,0.35696167
2025-10-28 08:00:00,0.41668093
2025-10-28 09:00:00,0.4152916
2025-10-28 10:00:00,0.32113916
2025-10-28 11:00:00,0.13869427
2025-10-28 12:00:00,-0.025444122
2025-10-28 13:00:00,-0.14175239
2025-10-28 14:00:00,-0.21645637
2025-10-28 15:00:00,-0.22148205
2025-10-28 16:00:00,-0.08754228
2025-10-28 17:00:00,0.18278544
2025-10-28 18:00:00,0.41942012
2025-10-28 19:00:00,0.5747015
2025-10-28 20:00:00,0.68341976
2025-10-28 21:00:00,0.74749506
2025-10-28 22:00:00,0.71812487
2025-10-28 23:00:00,0.5860773
2025-10-29 00:00:00,0.4086345
2025-10-29 01:00:00,0.26618615
2025-10-29 02:00:00,0.1556308
2025-10-29 03:00:00,0.066409074
2025-10-29 04:00:00,0.018288186
2025-10-29 05:00:00,0.045549076
2025-10-29 06:00:00,0.14589126
2025-10-29 07:00:00,0.26519275
2025-10-29 08:00:00,0.3645828
2025-10-29 09:00:00,0.42683318
2025-10-29 10:00:00,0.43231165
2025-10-29 11:00:00,0.3750748
2025-10-29 12:00:00,0.24535546
2025-10-29 13:00:00,0.09671553
2025-10-29 14:00:00,-0.015977904
2025-10-29 15:00:00,-0.0831216
2025-10-29 16:00:00,-0.10204753
2025-10-29 17:00:00,-0.025202496
2025-10-29 18:00:00,0.1639656
2025-10-29 19:00:00,0.3435877
2025-10-29 20:00:00,0.4822938
2025-10-29 21:00:00,0.5905297
2025-10-29 22:00:00,0.649571
2025-10-29 23:00:00,0.63209707
2025-10-30 00:00:00,0.53982586
2025-10-30 01:00:00,0.3859915
2025-10-30 02:00:00,0.22680798
2025-10-30 03:00:00,0.101644844
2025-10-30 04:00:00,-0.0037859988
2025-10-30 05:00:00,-0.08297632
2025-10-30 06:00:00,-0.11354712
2025-10-30 07:00:00,-0.070460424
2025-10-30 08:00:00,0.048114672
2025-10-30 09:00:00,0.20651805
2025-10-30 10:00:00,0.3231782
2025-10-30 11:00:00,0.38182703
2025-10-30 12:00:00,0.37795573
2025-10-30 13:00:00,0.30461234
2025-10-30 14:00:00,0.16954963
2025-10-30 15:00:00,0.026856435
2025-10-30 16:00:00,-0.07781125
2025-10-30 17:00:00,-0.14355437
2025-10-30 18:00:00,-0.15085797
2025-10-30 19:00:00,-0.048840083
2025-10-30 20:00:00,0.15025757
2025-10-30 21:00:00,0.35970497
2025-10-30 22:00:00,0.51584095
2025-10-30 23:00:00,0.613242
2025-10-31 00:00:00,0.6403412
2025-10-31 01:00:00,0.58868176
2025-10-31 02:00:00,0.44216654
2025-10-31 03:00:00,0.23384787
2025-10-31 04:00:00,0.04383625
2025-10-31 05:00:00,-0.11113851
2025-10-31 06:00:00,-0.23025537
2025-10-31 07:00:00,-0.2898409
2025-10-31 08:00:00,-0.25510427
2025-10-31 09:00:00,-0.053486597
2025-10-31 10:00:00,0.19469169
2025-10-31 11:00:00,0.37173995
2025-10-31 12:00:00,0.4782528
2025-10-31 13:00:00,0.5124685
2025-10-31 14:00:00,0.46393654
2025-10-31 15:00:00,0.30651277
2025-10-31 16:00:00,0.09818433
2025-10-31 17:00:00,-0.06604391
2025-10-31 18:00:00,-0.19248654
